13,–ì–æ—Ç–æ–≤–æ,"{'"message'": {'"en'": '"Done!'", '"ru'": '"–ì–æ—Ç–æ–≤–æ!'"}}"
14,–ì—Ä—É–ø–ø–∞,"{'"datetime'": '"13:03 26.06.2022'", '"group_id'": '"-763088834'"}"
7,–†–µ—Ñ–µ—Ä–∞–ª—ãüë§,"{'"message'": {'"en'": '"Referrals of the 1st level: {}\r\nReferrals of the 2nd level: {}\r\nYour link: http://t.me/getcoupon_lbl_bot?start={}\r\nReferrals of the 1st level receive 10% of the purchased coupon\r\nReferrals of the 2nd level receive 5% of the purchased coupon\r\n                '", '"ru'": '"–†–µ—Ñ–µ—Ä–∞–ª—ã 1-–≥–æ —É—Ä–æ–≤–Ω—è: {}\r\n–†–µ—Ñ–µ—Ä–∞–ª—ã 2-–≥–æ —É—Ä–æ–≤–Ω—è: {}\r\n–í–∞—à–∞ —Å—Å—ã–ª–∫–∞: http://t.me/getcoupon_lbl_bot?start={}\r\n–ó–∞ —Ä–µ—Ñ–µ—Ä–∞–ª–æ–≤ 1-–≥–æ —É—Ä–æ–≤–Ω—è –Ω–∞—á–∏—Å–ª—è–µ—Ç—Å—è 10% –æ—Ç –∫—É–ø–ª–µ–Ω–Ω–æ–≥–æ –∫—É–ø–æ–Ω–∞\r\n–ó–∞ —Ä–µ—Ñ–µ—Ä–∞–ª–æ–≤ 2-–≥–æ —É—Ä–æ–≤–Ω—è –Ω–∞—á–∏—Å–ª—è–µ—Ç—Å—è 5% –æ—Ç –∫—É–ø–ª–µ–Ω–Ω–æ–≥–æ –∫—É–ø–æ–Ω–∞\r\n                '"}}"
1,–°–º–µ–Ω–∏—Ç—å —è–∑—ã–∫üõ†,"{'"message'": {'"en'": '"Choose language:'", '"ru'": '"–í—ã–±–µ—Ä–∏—Ç–µ —è–∑—ã–∫:'"}}"
15,–í–≤–µ–¥–∏—Ç–µ –∫–æ—à–µ–ª—ë–∫,"{'"message'": {'"en'": '"Enter your bep-20 wallet'", '"ru'": '"–í–≤–µ–¥–∏—Ç–µ –≤–∞—à –∫–æ—à–µ–ª—ë–∫ bep-20'"}}"
2,–ì–ª–∞–≤–Ω–æ–µ –º–µ–Ω—é,"{'"message'": {'"en'": '"Main menu'", '"ru'": '"–ì–ª–∞–≤–Ω–æ–µ –º–µ–Ω—é'"}}"
3,–ö—É–ø–∏—Ç—å –∫—É–ø–æ–Ωüè∑,"{'"message'": {'"en'": '"Price: 1LBL\nYou must write 6 values in the range from 01 to 45\nFor example: `45 01 10 08 26 38`'", '"ru'": '"–°—Ç–æ–∏–º–æ—Å—Ç—å: 1 LBL\n–ù–µ–æ–±—Ö–æ–¥–∏–º–æ –≤–≤–µ—Å—Ç–∏ 6 –∑–Ω–∞—á–µ–Ω–∏–π –≤ –¥–∏–∞–ø–∞–∑–æ–Ω–µ –æ—Ç 01 –¥–æ 45\n–ü—Ä–∏–º–µ—Ä: `45 01 10 08 26 38`'"}}"
16,–°—É–º–º—É –¥–ª—è –≤—ã–≤–æ–¥–∞,"{'"message'": {'"en'": '"Your Balance: {}LBL\nEnter sum to withdraw'", '"ru'": '"–í–∞—à –±–∞–ª–∞–Ω—Å: {}LBL\n–í–≤–µ–¥–∏—Ç–µ —Å—É–º–º—É –¥–ª—è –≤—ã–≤–æ–¥–∞'"}}"
4,–ö—É—Ä—Å,"{'"EUR'": 1, '"RUB'": 1, '"USD'": '"–†–£–°–ö–ò–ö'"}"
5,–ë–∞–ª–∞–Ω—Åüíº,"{'"message'": {'"en'": '"Your balance: {}LBL\n\nYour coupons:\n`{}`'", '"ru'": '"–í–∞—à –±–∞–ª–∞–Ω—Å: {}LBL\n\n–í–∞—à–∏ –∫—É–ø–æ–Ω—ã:\n`{}`'"}}"
6,–ë–∞–ª–∞–Ω—Åüíº(–∫—Ä–∞—Ç–∫–æ),"{'"message'": {'"en'": '"Your balance: {}LBL'", '"ru'": '"–í–∞—à –±–∞–ª–∞–Ω—Å: {}LBL'"}}"
17,–í—ã–≤–æ–¥ —É—Å–ø–µ—à–µ–Ω,"{'"message'": {'"en'": '"Withdrawal completed successfully. Please wait'", '"ru'": '"–í—ã–≤–æ–¥ —É—Å–ø–µ—à–Ω–æ –∑–∞–≤–µ—Ä—à—ë–Ω. –û–∂–∏–¥–∞–π—Ç–µ'"}}"
18,–ö–æ—à–µ–ª—ë–∫ –¥–æ–±–∞–≤–ª–µ–Ω,"{'"message'": {'"en'": '"Wallet added successfully'", '"ru'": '"–ö–æ—à–µ–ª—ë–∫ —É—Å–ø–µ—à–Ω–æ –¥–æ–±–∞–≤–ª–µ–Ω'"}}"
19,–°—É–º–º–∞ –ø–æ–ø–æ–ª–Ω–µ–Ω–∏—è,"{'"message'": {'"en'": '"enter the amount of deposit:'", '"ru'": '"–í–≤–µ–¥–∏—Ç–µ —Å—É–º–º—É –ø–æ–ø–æ–ª–Ω–µ–Ω–∏—è:'"}}"
8,/start,"{'"message'": {'"en'": '"Main menu'", '"ru'": '"–ì–ª–∞–≤–Ω–æ–µ –º–µ–Ω—é'"}}"
9,–ö—É–ø–∏—Ç—å,"{'"message'": {'"en'": '"You must write 6 values in the range from 01 to 45\nFor example: `45 01 10 08 26 38`'", '"ru'": '"–ù–µ–æ–±—Ö–æ–¥–∏–º–æ –≤–≤–µ—Å—Ç–∏ 6 –∑–Ω–∞—á–µ–Ω–∏–π –≤ –¥–∏–∞–ø–∞–∑–æ–Ω–µ –æ—Ç 01 –¥–æ 45\n–ü—Ä–∏–º–µ—Ä: `45 01 10 08 26 38`'"}}"
10,–ù–µ–¥–æ—Å—Ç–∞—Ç–æ—á–Ω–æ —Å—Ä–µ–¥—Å—Ç–≤,"{'"message'": {'"en'": '"Not enough money\n\nYour balance: {}LBL'", '"ru'": '"–ù–µ–¥–æ—Å—Ç–∞—Ç–æ—á–Ω–æ —Å—Ä–µ–¥—Å—Ç–≤\n\n–í–∞—à –±–∞–ª–∞–Ω—Å: {}LBL'"}}"
11,–ö—É–ø–æ–Ω –ø—Ä–∏–æ–±—Ä–µ—Ç—ë–Ω,"{'"message'": {'"en'": '"Coupon successfully purchased!\n\nYour coupon: `{}`'", '"ru'": '"–ö—É–ø–æ–Ω —É—Å–ø–µ—à–Ω–æ –ø—Ä–∏–æ–±—Ä–µ—Ç—ë–Ω!\n\n–í–∞—à –∫—É–ø–æ–Ω: `{}`'"}}"
12,–ù–µ–≤–µ—Ä–Ω—ã–π –∫—É–ø–æ–Ω,"{'"message'": {'"en'": '"Coupon entered incorrectly!\n\nYou must write 6 values in the range from 01 to 45\nFor example: `45 01 10 08 26 38`'", '"ru'": '"–ù–µ–≤–µ—Ä–Ω–æ –≤–≤–µ–¥—ë–Ω –∫—É–ø–æ–Ω!\n\n–ù–µ–æ–±—Ö–æ–¥–∏–º–æ –≤–≤–µ—Å—Ç–∏ 6 –∑–Ω–∞—á–µ–Ω–∏–π –≤ –¥–∏–∞–ø–∞–∑–æ–Ω–µ –æ—Ç 01 –¥–æ 45\n–ü—Ä–∏–º–µ—Ä: `45 01 10 08 26 38`'"}}"
20,–ü–æ–ø–æ–ª–Ω–µ–Ω–∏–µ —É—Å–ø–µ—à–Ω–æ,"{'"message'": {'"en'": '"Replenishment successfully completed. Wait to be contacted'", '"ru'": '"–ü–æ–ø–æ–ª–Ω–µ–Ω–∏–µ —É—Å–ø–µ—à–Ω–æ –æ—Ñ–æ—Ä–º–ª–µ–Ω–æ. –û–∂–∏–¥–∞–π—Ç–µ —Å –≤–∞–º–∏ —Å–≤—è–∂—É—Ç—å—Å—è'"}}"
21,–ù–µ–≤–µ—Ä–Ω–æ –ø–æ–ø–æ–ª–Ω–µ–Ω–∏–µ,"{'"message'": {'"en'": '"The amount entered is incorrect. Please try again.'", '"ru'": '"–ù–µ–≤–µ—Ä–Ω–æ –≤–≤–µ–¥–µ–Ω–∞ —Å—É–º–º–∞. –ü–æ–≤—Ç–æ—Ä–∏—Ç–µ –ø–æ–ø—ã—Ç–∫—É.'"}}"
